job	name	srch	link	AveragePay	MinPay	MaxPay	AverageAdditional	MinAdditional	MaxAdditional	AveragePayRaw	MinPayRaw	MaxPayRaw	AdditionalCashRaw	AdditionalRangeRaw
mail-processing-clerk	Administrative	SRCH_KO0,21	https://www.glassdoor.com/Salaries/mail-processing-clerk-salary-SRCH_KO0,21.htm	30046	23000	37000	451	6	2594	$30,046	$23KLow	$37KHigh	$451	$6 - $2,594
facility-manager	Administrative	SRCH_KO0,16	https://www.glassdoor.com/Salaries/facility-manager-salary-SRCH_KO0,16.htm	71449	41000	99000	6380	1599	17750	$71,449	$41KLow	$99KHigh	$6,380	$1,599 - $17,750
admin-assistant	Administrative	SRCH_KO0,15	https://www.glassdoor.com/Salaries/admin-assistant-salary-SRCH_KO0,15.htm	44950	30000	62000	1788	442	7543	$44,950	$30KLow	$62KHigh	$1,788	$442 - $7,543
unit-secretary	Administrative	SRCH_KO0,14	https://www.glassdoor.com/Salaries/unit-secretary-salary-SRCH_KO0,14.htm	32402	25000	44000	573	155	1394	$32,402	$25KLow	$44KHigh	$573	$155 - $1,394
concierge	Administrative	SRCH_KO0,9	https://www.glassdoor.com/Salaries/concierge-salary-SRCH_KO0,9.htm	34821	25000	46000	2892	464	16022	$34,821	$25KLow	$46KHigh	$2,892	$464 - $16,022
medical-records-clerk	Administrative	SRCH_KO0,21	https://www.glassdoor.com/Salaries/medical-records-clerk-salary-SRCH_KO0,21.htm	36698	26000	54000	995	215	3808	$36,698	$26KLow	$54KHigh	$995	$215 - $3,808
real-estate-assistant	Administrative	SRCH_KO0,21	https://www.glassdoor.com/Salaries/real-estate-assistant-salary-SRCH_KO0,21.htm	41967	31000	57000	4991	358	17471	$41,967	$31KLow	$57KHigh	$4,991	$358 - $17,471
office-clerical	Administrative	SRCH_KO0,15	https://www.glassdoor.com/Salaries/office-clerical-salary-SRCH_KO0,15.htm	29704	21000	41000	819	183	3824	$29,704	$21KLow	$41KHigh	$819	$183 - $3,824
administration	Administrative	SRCH_KO0,14	https://www.glassdoor.com/Salaries/administration-salary-SRCH_KO0,14.htm	50989	34000	81000	3536	571	13215	$50,989	$34KLow	$81KHigh	$3,536	$571 - $13,215
corporate-receptionist	Administrative	SRCH_KO0,22	https://www.glassdoor.com/Salaries/corporate-receptionist-salary-SRCH_KO0,22.htm	29844	22000	39000	796	215	4256	$29,844	$22KLow	$39KHigh	$796	$215 - $4,256
front-desk-agent	Administrative	SRCH_KO0,16	https://www.glassdoor.com/Salaries/front-desk-agent-salary-SRCH_KO0,16.htm	26591	21000	39000	1026	196	6114	$26,591	$21KLow	$39KHigh	$1,026	$196 - $6,114
administrative-secretary-receptionist	Administrative	SRCH_KO0,37	https://www.glassdoor.com/Salaries/administrative-secretary-receptionist-salary-SRCH_KO0,37.htm	29844	22000	39000	796	215	4256	$29,844	$22KLow	$39KHigh	$796	$215 - $4,256
hedge-fund	Administrative	SRCH_KO0,10	https://www.glassdoor.com/Salaries/hedge-fund-salary-SRCH_KO0,10.htm	120521	121000	121000				$120,521	$121KLow	$121KHigh	NaN	NaN - NaN
entertainment	Administrative	SRCH_KO0,13	https://www.glassdoor.com/Salaries/entertainment-salary-SRCH_KO0,13.htm	47838	8000	79000	11731	1103	22359	$47,838	$8KLow	$79KHigh	$11,731	$1,103 - $22,359
office	Administrative	SRCH_KO0,6	https://www.glassdoor.com/Salaries/office-salary-SRCH_KO0,6.htm	45086	31000	66000	2653	84	12544	$45,086	$31KLow	$66KHigh	$2,653	$84 - $12,544
administrator	Administrative	SRCH_KO0,13	https://www.glassdoor.com/Salaries/administrator-salary-SRCH_KO0,13.htm	50989	34000	81000	3536	571	13215	$50,989	$34KLow	$81KHigh	$3,536	$571 - $13,215
office-staff	Administrative	SRCH_KO0,12	https://www.glassdoor.com/Salaries/office-staff-salary-SRCH_KO0,12.htm	43641	29000	62000	1099	129	13348	$43,641	$29KLow	$62KHigh	$1,099	$129 - $13,348
admin	Administrative	SRCH_KO0,5	https://www.glassdoor.com/Salaries/admin-salary-SRCH_KO0,5.htm	50989	34000	81000	3536	571	13215	$50,989	$34KLow	$81KHigh	$3,536	$571 - $13,215
administrative-clerical	Administrative	SRCH_KO0,23	https://www.glassdoor.com/Salaries/administrative-clerical-salary-SRCH_KO0,23.htm	29704	21000	41000	819	183	3824	$29,704	$21KLow	$41KHigh	$819	$183 - $3,824
part-time-office	Administrative	SRCH_KO0,16	https://www.glassdoor.com/Salaries/part-time-office-salary-SRCH_KO0,16.htm							NaN	NaN	NaN	NaN	NaN - NaN
administrative-support	Administrative	SRCH_KO0,22	https://www.glassdoor.com/Salaries/administrative-support-salary-SRCH_KO0,22.htm	43226	30000	64000	1000	118	4986	$43,226	$30KLow	$64KHigh	$1,000	$118 - $4,986
3d-artist	Arts & Design	SRCH_KO0,9	https://www.glassdoor.com/Salaries/3d-artist-salary-SRCH_KO0,9.htm	64075	41000	96000	3280	700	11136	$64,075	$41KLow	$96KHigh	$3,280	$700 - $11,136
graphic-design-intern	Arts & Design	SRCH_KO0,21	https://www.glassdoor.com/Salaries/graphic-design-intern-salary-SRCH_KO0,21.htm	43981	36000	55000				$43,981	$36KLow	$55KHigh	NaN	NaN - NaN
fashion-designer	Arts & Design	SRCH_KO0,16	https://www.glassdoor.com/Salaries/fashion-designer-salary-SRCH_KO0,16.htm	62805	44000	86000	2595	361	11220	$62,805	$44KLow	$86KHigh	$2,595	$361 - $11,220
associate-creative-director	Arts & Design	SRCH_KO0,27	https://www.glassdoor.com/Salaries/associate-creative-director-salary-SRCH_KO0,27.htm	114266	72000	174000	9022	1876	30347	$114,266	$72KLow	$174KHigh	$9,022	$1,876 - $30,347
artist	Arts & Design	SRCH_KO0,6	https://www.glassdoor.com/Salaries/artist-salary-SRCH_KO0,6.htm	25926	20000	37000	1692	467	5773	$25,926	$20KLow	$37KHigh	$1,692	$467 - $5,773
associate-producer	Arts & Design	SRCH_KO0,18	https://www.glassdoor.com/Salaries/associate-producer-salary-SRCH_KO0,18.htm	55208	34000	80000	4254	1026	16744	$55,208	$34KLow	$80KHigh	$4,254	$1,026 - $16,744
graphic-artist	Arts & Design	SRCH_KO0,14	https://www.glassdoor.com/Salaries/graphic-artist-salary-SRCH_KO0,14.htm	46610	33000	69000	1574	340	6991	$46,610	$33KLow	$69KHigh	$1,574	$340 - $6,991
product-designer	Arts & Design	SRCH_KO0,16	https://www.glassdoor.com/Salaries/product-designer-salary-SRCH_KO0,16.htm	106766	76000	147000	8141	2084	22009	$106,766	$76KLow	$147KHigh	$8,141	$2,084 - $22,009
senior-designer	Arts & Design	SRCH_KO0,15	https://www.glassdoor.com/Salaries/senior-designer-salary-SRCH_KO0,15.htm	79648	55000	114000	3398	734	14303	$79,648	$55KLow	$114KHigh	$3,398	$734 - $14,303
industrial-designer	Arts & Design	SRCH_KO0,19	https://www.glassdoor.com/Salaries/industrial-designer-salary-SRCH_KO0,19.htm	61852	50000	84000	3103	661	10471	$61,852	$50KLow	$84KHigh	$3,103	$661 - $10,471
chief-of-staff	Business	SRCH_KO0,14	https://www.glassdoor.com/Salaries/chief-of-staff-salary-SRCH_KO0,14.htm	122237	60000	176000	15288	3002	50931	$122,237	$60KLow	$176KHigh	$15,288	$3,002 - $50,931
director-of-business-development	Business	SRCH_KO0,32	https://www.glassdoor.com/Salaries/director-of-business-development-salary-SRCH_KO0,32.htm	108196	69000	160000	26286	6352	96038	$108,196	$69KLow	$160KHigh	$26,286	$6,352 - $96,038
service-manager	Business	SRCH_KO0,15	https://www.glassdoor.com/Salaries/service-manager-salary-SRCH_KO0,15.htm	63723	44000	95000	6864	1374	29058	$63,723	$44KLow	$95KHigh	$6,864	$1,374 - $29,058
senior-business-systems-analyst	Business	SRCH_KO0,31	https://www.glassdoor.com/Salaries/senior-business-systems-analyst-salary-SRCH_KO0,31.htm	91826	67000	126000	6532	1755	16729	$91,826	$67KLow	$126KHigh	$6,532	$1,755 - $16,729
office-manager-executive-assistant	Business	SRCH_KO0,34	https://www.glassdoor.com/Salaries/office-manager-executive-assistant-salary-SRCH_KO0,34.htm	48562	34000	70000	2870	559	13112	$48,562	$34KLow	$70KHigh	$2,870	$559 - $13,112
chief-marketing-officer	Business	SRCH_KO0,23	https://www.glassdoor.com/Salaries/chief-marketing-officer-salary-SRCH_KO0,23.htm	170483	76000	304000	35838	452	157732	$170,483	$76KLow	$304KHigh	$35,838	$452 - $157,732
chief-technology-officer	Business	SRCH_KO0,24	https://www.glassdoor.com/Salaries/chief-technology-officer-salary-SRCH_KO0,24.htm	158080	86000	253000	25880	1864	105585	$158,080	$86KLow	$253KHigh	$25,880	$1,864 - $105,585
healthcare	Consulting	SRCH_KO0,10	https://www.glassdoor.com/Salaries/healthcare-salary-SRCH_KO0,10.htm	57341	37000	125000	4237	6	51236	$57,341	$37KLow	$125KHigh	$4,237	$6 - $51,236
healthcare-administration	Consulting	SRCH_KO0,25	https://www.glassdoor.com/Salaries/healthcare-administration-salary-SRCH_KO0,25.htm	77198	43000	127000	6235	7	32410	$77,198	$43KLow	$127KHigh	$6,235	$7 - $32,410
management	Consulting	SRCH_KO0,10	https://www.glassdoor.com/Salaries/management-salary-SRCH_KO0,10.htm	77164	45000	122000	11564	2400	38489	$77,164	$45KLow	$122KHigh	$11,564	$2,400 - $38,489
management-trainee	Consulting	SRCH_KO0,18	https://www.glassdoor.com/Salaries/management-trainee-salary-SRCH_KO0,18.htm	59089	38000	91000	9183	1927	29678	$59,089	$38KLow	$91KHigh	$9,183	$1,927 - $29,678
consultant	Consulting	SRCH_KO0,10	https://www.glassdoor.com/Salaries/consultant-salary-SRCH_KO0,10.htm	79526	53000	119000	7214	1825	26361	$79,526	$53KLow	$119KHigh	$7,214	$1,825 - $26,361
healthcare-consultant	Consulting	SRCH_KO0,21	https://www.glassdoor.com/Salaries/healthcare-consultant-salary-SRCH_KO0,21.htm	78940	51000	119000	5982	1867	23756	$78,940	$51KLow	$119KHigh	$5,982	$1,867 - $23,756
customer-service-representative	Customer Services & Support	SRCH_KO0,31	https://www.glassdoor.com/Salaries/customer-service-representative-salary-SRCH_KO0,31.htm	30688	23000	39000	1811	363	8979	$30,688	$23KLow	$39KHigh	$1,811	$363 - $8,979
customer-service	Customer Services & Support	SRCH_KO0,16	https://www.glassdoor.com/Salaries/customer-service-salary-SRCH_KO0,16.htm	24310	19000	34000	2879	369	13641	$24,310	$19KLow	$34KHigh	$2,879	$369 - $13,641
call-center-representative	Customer Services & Support	SRCH_KO0,26	https://www.glassdoor.com/Salaries/call-center-representative-salary-SRCH_KO0,26.htm	30061	23000	41000	2154	395	10102	$30,061	$23KLow	$41KHigh	$2,154	$395 - $10,102
customer-service-manager	Customer Services & Support	SRCH_KO0,24	https://www.glassdoor.com/Salaries/customer-service-manager-salary-SRCH_KO0,24.htm	39694	27000	60000	3424	648	11610	$39,694	$27KLow	$60KHigh	$3,424	$648 - $11,610
call-center-manager	Customer Services & Support	SRCH_KO0,19	https://www.glassdoor.com/Salaries/call-center-manager-salary-SRCH_KO0,19.htm	59256	43000	84000	6398	1320	25227	$59,256	$43KLow	$84KHigh	$6,398	$1,320 - $25,227
dispatcher	Customer Services & Support	SRCH_KO0,10	https://www.glassdoor.com/Salaries/dispatcher-salary-SRCH_KO0,10.htm	33983	25000	46000	1472	329	6288	$33,983	$25KLow	$46KHigh	$1,472	$329 - $6,288
customer-service-associate	Customer Services & Support	SRCH_KO0,26	https://www.glassdoor.com/Salaries/customer-service-associate-salary-SRCH_KO0,26.htm	27051	21000	37000	1083	250	5912	$27,051	$21KLow	$37KHigh	$1,083	$250 - $5,912
customer-service-specialist	Customer Services & Support	SRCH_KO0,27	https://www.glassdoor.com/Salaries/customer-service-specialist-salary-SRCH_KO0,27.htm	30914	23000	43000	1975	421	10399	$30,914	$23KLow	$43KHigh	$1,975	$421 - $10,399
call-center	Customer Services & Support	SRCH_KO0,11	https://www.glassdoor.com/Salaries/call-center-salary-SRCH_KO0,11.htm	38883	29000	52000	4284	948	16149	$38,883	$29KLow	$52KHigh	$4,284	$948 - $16,149
customer-service-agent	Customer Services & Support	SRCH_KO0,22	https://www.glassdoor.com/Salaries/customer-service-agent-salary-SRCH_KO0,22.htm	28723	22000	39000	1538	297	9039	$28,723	$22KLow	$39KHigh	$1,538	$297 - $9,039
call-center-customer-service-representative	Customer Services & Support	SRCH_KO0,43	https://www.glassdoor.com/Salaries/call-center-customer-service-representative-salary-SRCH_KO0,43.htm	30688	23000	39000	1811	363	8979	$30,688	$23KLow	$39KHigh	$1,811	$363 - $8,979
inbound-call-center-representative	Customer Services & Support	SRCH_KO0,34	https://www.glassdoor.com/Salaries/inbound-call-center-representative-salary-SRCH_KO0,34.htm	30061	23000	41000	2154	395	10102	$30,061	$23KLow	$41KHigh	$2,154	$395 - $10,102
customer-care	Customer Services & Support	SRCH_KO0,13	https://www.glassdoor.com/Salaries/customer-care-salary-SRCH_KO0,13.htm	31109	25000	45000	2398	488	14126	$31,109	$25KLow	$45KHigh	$2,398	$488 - $14,126
ramp-agent	Customer Services & Support	SRCH_KO0,10	https://www.glassdoor.com/Salaries/ramp-agent-salary-SRCH_KO0,10.htm	28863	22000	39000	1045	213	4106	$28,863	$22KLow	$39KHigh	$1,045	$213 - $4,106
customer-service-supervisor	Customer Services & Support	SRCH_KO0,27	https://www.glassdoor.com/Salaries/customer-service-supervisor-salary-SRCH_KO0,27.htm	38281	26000	59000	3370	672	11208	$38,281	$26KLow	$59KHigh	$3,370	$672 - $11,208
service-associate	Customer Services & Support	SRCH_KO0,17	https://www.glassdoor.com/Salaries/service-associate-salary-SRCH_KO0,17.htm	27051	21000	37000	1083	250	5912	$27,051	$21KLow	$37KHigh	$1,083	$250 - $5,912
customer-support	Customer Services & Support	SRCH_KO0,16	https://www.glassdoor.com/Salaries/customer-support-salary-SRCH_KO0,16.htm	35938	28000	48000	2751	551	7316	$35,938	$28KLow	$48KHigh	$2,751	$551 - $7,316
relationship-manager	Customer Services & Support	SRCH_KO0,20	https://www.glassdoor.com/Salaries/relationship-manager-salary-SRCH_KO0,20.htm	53928	37000	87000	11251	2701	42309	$53,928	$37KLow	$87KHigh	$11,251	$2,701 - $42,309
customer-service-coordinator	Customer Services & Support	SRCH_KO0,28	https://www.glassdoor.com/Salaries/customer-service-coordinator-salary-SRCH_KO0,28.htm	29796	26000	41000	2409	356	9038	$29,796	$26KLow	$41KHigh	$2,409	$356 - $9,038
call-center-supervisor	Customer Services & Support	SRCH_KO0,22	https://www.glassdoor.com/Salaries/call-center-supervisor-salary-SRCH_KO0,22.htm	46573	35000	62000	4850	1054	18578	$46,573	$35KLow	$62KHigh	$4,850	$1,054 - $18,578
business-manager	Customer Services & Support	SRCH_KO0,16	https://www.glassdoor.com/Salaries/business-manager-salary-SRCH_KO0,16.htm	71715	46000	106000	11188	2397	38197	$71,715	$46KLow	$106KHigh	$11,188	$2,397 - $38,197
business-administration	Customer Services & Support	SRCH_KO0,23	https://www.glassdoor.com/Salaries/business-administration-salary-SRCH_KO0,23.htm	57875	40000	83000	3507	648	11915	$57,875	$40KLow	$83KHigh	$3,507	$648 - $11,915
call-center-customer-service	Customer Services & Support	SRCH_KO0,28	https://www.glassdoor.com/Salaries/call-center-customer-service-salary-SRCH_KO0,28.htm	30061	23000	41000	2154	395	10102	$30,061	$23KLow	$41KHigh	$2,154	$395 - $10,102
client-relationship-manager	Customer Services & Support	SRCH_KO0,27	https://www.glassdoor.com/Salaries/client-relationship-manager-salary-SRCH_KO0,27.htm	65956	46000	95000	9998	1736	49515	$65,956	$46KLow	$95KHigh	$9,998	$1,736 - $49,515
sales-service-associate	Customer Services & Support	SRCH_KO0,23	https://www.glassdoor.com/Salaries/sales-service-associate-salary-SRCH_KO0,23.htm	38428	29000	50000	4883	918	12798	$38,428	$29KLow	$50KHigh	$4,883	$918 - $12,798
teacher	Education	SRCH_KO0,7	https://www.glassdoor.com/Salaries/teacher-salary-SRCH_KO0,7.htm	45082	32000	66000	1726	401	6731	$45,082	$32KLow	$66KHigh	$1,726	$401 - $6,731
entry-level	Education	SRCH_KO0,11	https://www.glassdoor.com/Salaries/entry-level-salary-SRCH_KO0,11.htm	39934	26000	58000	4193	54	37946	$39,934	$26KLow	$58KHigh	$4,193	$54 - $37,946
counselor	Education	SRCH_KO0,9	https://www.glassdoor.com/Salaries/counselor-salary-SRCH_KO0,9.htm	44356	31000	68000	4254	403	108874	$44,356	$31KLow	$68KHigh	$4,254	$403 - $108,874
teacher-assistant	Education	SRCH_KO0,17	https://www.glassdoor.com/Salaries/teacher-assistant-salary-SRCH_KO0,17.htm	27212	20000	36000	476	197	1142	$27,212	$20KLow	$36KHigh	$476	$197 - $1,142
paraprofessional	Education	SRCH_KO0,16	https://www.glassdoor.com/Salaries/paraprofessional-salary-SRCH_KO0,16.htm	29988	22000	45000	814	284	6603	$29,988	$22KLow	$45KHigh	$814	$284 - $6,603
special-education-teacher	Education	SRCH_KO0,25	https://www.glassdoor.com/Salaries/special-education-teacher-salary-SRCH_KO0,25.htm	52727	37000	78000	2083	486	7038	$52,727	$37KLow	$78KHigh	$2,083	$486 - $7,038
preschool-teacher	Education	SRCH_KO0,17	https://www.glassdoor.com/Salaries/preschool-teacher-salary-SRCH_KO0,17.htm	28973	21000	46000	717	192	6770	$28,973	$21KLow	$46KHigh	$717	$192 - $6,770
art-teacher	Education	SRCH_KO0,11	https://www.glassdoor.com/Salaries/art-teacher-salary-SRCH_KO0,11.htm	45298	34000	64000	784	193	3074	$45,298	$34KLow	$64KHigh	$784	$193 - $3,074
teaching-assistant	Education	SRCH_KO0,18	https://www.glassdoor.com/Salaries/teaching-assistant-salary-SRCH_KO0,18.htm	28641	21000	42000	4347	374	37851	$28,641	$21KLow	$42KHigh	$4,347	$374 - $37,851
elementary-teacher	Education	SRCH_KO0,18	https://www.glassdoor.com/Salaries/elementary-teacher-salary-SRCH_KO0,18.htm	47263	36000	65000	1918	419	6135	$47,263	$36KLow	$65KHigh	$1,918	$419 - $6,135
biology	Education	SRCH_KO0,7	https://www.glassdoor.com/Salaries/biology-salary-SRCH_KO0,7.htm	49336	26000	70000	5933	862	7223	$49,336	$26KLow	$70KHigh	$5,933	$862 - $7,223
substitute-teacher	Education	SRCH_KO0,18	https://www.glassdoor.com/Salaries/substitute-teacher-salary-SRCH_KO0,18.htm	29501	21000	52000	1432	152	7507	$29,501	$21KLow	$52KHigh	$1,432	$152 - $7,507
school-counselor	Education	SRCH_KO0,16	https://www.glassdoor.com/Salaries/school-counselor-salary-SRCH_KO0,16.htm	49647	36000	67000	2530	1335	6665	$49,647	$36KLow	$67KHigh	$2,530	$1,335 - $6,665
esl-teacher	Education	SRCH_KO0,11	https://www.glassdoor.com/Salaries/esl-teacher-salary-SRCH_KO0,11.htm	47714	34000	64000	1421	198	4828	$47,714	$34KLow	$64KHigh	$1,421	$198 - $4,828
tutor	Education	SRCH_KO0,5	https://www.glassdoor.com/Salaries/tutor-salary-SRCH_KO0,5.htm	23345	16000	48000	605	140	4231	$23,345	$16KLow	$48KHigh	$605	$140 - $4,231
education-consultant	Education	SRCH_KO0,20	https://www.glassdoor.com/Salaries/education-consultant-salary-SRCH_KO0,20.htm	63133	42000	89000	8905	2113	43580	$63,133	$42KLow	$89KHigh	$8,905	$2,113 - $43,580
assistant-teacher	Education	SRCH_KO0,17	https://www.glassdoor.com/Salaries/assistant-teacher-salary-SRCH_KO0,17.htm	27212	20000	36000	476	197	1142	$27,212	$20KLow	$36KHigh	$476	$197 - $1,142
education	Education	SRCH_KO0,9	https://www.glassdoor.com/Salaries/education-salary-SRCH_KO0,9.htm	48497	33000	72000	2768	361	10544	$48,497	$33KLow	$72KHigh	$2,768	$361 - $10,544
bilingual	Education	SRCH_KO0,9	https://www.glassdoor.com/Salaries/bilingual-salary-SRCH_KO0,9.htm							NaN	NaN	NaN	NaN	NaN - NaN
academic-advisor	Education	SRCH_KO0,16	https://www.glassdoor.com/Salaries/academic-advisor-salary-SRCH_KO0,16.htm	48367	35000	65000	1946	429	14856	$48,367	$35KLow	$65KHigh	$1,946	$429 - $14,856
assistant-professor	Education	SRCH_KO0,19	https://www.glassdoor.com/Salaries/assistant-professor-salary-SRCH_KO0,19.htm	72998	54000	115000	13499	500	45000	$72,998	$54KLow	$115KHigh	$13,499	$500 - $45,000
teacher-aide	Education	SRCH_KO0,12	https://www.glassdoor.com/Salaries/teacher-aide-salary-SRCH_KO0,12.htm	23865	18000	33000	471	190	1579	$23,865	$18KLow	$33KHigh	$471	$190 - $1,579
infant-teacher	Education	SRCH_KO0,14	https://www.glassdoor.com/Salaries/infant-teacher-salary-SRCH_KO0,14.htm	29276	22000	40000	354	10	1204	$29,276	$22KLow	$40KHigh	$354	$10 - $1,204
instructor	Education	SRCH_KO0,10	https://www.glassdoor.com/Salaries/instructor-salary-SRCH_KO0,10.htm	51044	33000	78000	3005	500	14999	$51,044	$33KLow	$78KHigh	$3,005	$500 - $14,999
math-teacher	Education	SRCH_KO0,12	https://www.glassdoor.com/Salaries/math-teacher-salary-SRCH_KO0,12.htm	49780	38000	69000	2738	444	6136	$49,780	$38KLow	$69KHigh	$2,738	$444 - $6,136
criminal-justice	Education	SRCH_KO0,16	https://www.glassdoor.com/Salaries/criminal-justice-salary-SRCH_KO0,16.htm	16	16	16				$16	$16Low	$16High	NaN	NaN - NaN
mechanical-engineering-intern	Engineering	SRCH_KO0,29	https://www.glassdoor.com/Salaries/mechanical-engineering-intern-salary-SRCH_KO0,29.htm	66144	56000	77000				$66,144	$56KLow	$77KHigh	NaN	NaN - NaN
materials-manager	Engineering	SRCH_KO0,17	https://www.glassdoor.com/Salaries/materials-manager-salary-SRCH_KO0,17.htm	76928	55000	109000	7045	1421	18185	$76,928	$55KLow	$109KHigh	$7,045	$1,421 - $18,185
process-operator	Engineering	SRCH_KO0,16	https://www.glassdoor.com/Salaries/process-operator-salary-SRCH_KO0,16.htm	47610	30000	68000	2668	567	9094	$47,610	$30KLow	$68KHigh	$2,668	$567 - $9,094
petroleum-engineer	Engineering	SRCH_KO0,18	https://www.glassdoor.com/Salaries/petroleum-engineer-salary-SRCH_KO0,18.htm	118428	84000	153000	14748	5158	43625	$118,428	$84KLow	$153KHigh	$14,748	$5,158 - $43,625
design-engineer	Engineering	SRCH_KO0,15	https://www.glassdoor.com/Salaries/design-engineer-salary-SRCH_KO0,15.htm	75827	58000	105000	4768	1108	15031	$75,827	$58KLow	$105KHigh	$4,768	$1,108 - $15,031
salesforce-administrator	Engineering	SRCH_KO0,24	https://www.glassdoor.com/Salaries/salesforce-administrator-salary-SRCH_KO0,24.htm	87292	62000	117000	8131	2347	18002	$87,292	$62KLow	$117KHigh	$8,131	$2,347 - $18,002
mechanical-engineering	Engineering	SRCH_KO0,22	https://www.glassdoor.com/Salaries/mechanical-engineering-salary-SRCH_KO0,22.htm	75158	57000	106000	3928	993	12703	$75,158	$57KLow	$106KHigh	$3,928	$993 - $12,703
ui-ux-designer	Engineering	SRCH_KO0,14	https://www.glassdoor.com/Salaries/ui-ux-designer-salary-SRCH_KO0,14.htm	90697	62000	130000	7384	1704	18589	$90,697	$62KLow	$130KHigh	$7,384	$1,704 - $18,589
quality-control-inspector	Engineering	SRCH_KO0,25	https://www.glassdoor.com/Salaries/quality-control-inspector-salary-SRCH_KO0,25.htm	34977	25000	50000	1192	382	5723	$34,977	$25KLow	$50KHigh	$1,192	$382 - $5,723
software-engineer-intern	Engineering	SRCH_KO0,24	https://www.glassdoor.com/Salaries/software-engineer-intern-salary-SRCH_KO0,24.htm	75728	65000	94000				$75,728	$65KLow	$94KHigh	NaN	NaN - NaN
billing-coordinator	Finance & Accounting	SRCH_KO0,19	https://www.glassdoor.com/Salaries/billing-coordinator-salary-SRCH_KO0,19.htm	36461	29000	54000	1227	324	6173	$36,461	$29KLow	$54KHigh	$1,227	$324 - $6,173
senior-finance-manager	Finance & Accounting	SRCH_KO0,22	https://www.glassdoor.com/Salaries/senior-finance-manager-salary-SRCH_KO0,22.htm	119686	89000	156000	15409	5610	39058	$119,686	$89KLow	$156KHigh	$15,409	$5,610 - $39,058
senior-staff-accountant	Finance & Accounting	SRCH_KO0,23	https://www.glassdoor.com/Salaries/senior-staff-accountant-salary-SRCH_KO0,23.htm	66866	51000	87000	3737	1021	11159	$66,866	$51KLow	$87KHigh	$3,737	$1,021 - $11,159
quantitative-analyst	Finance & Accounting	SRCH_KO0,20	https://www.glassdoor.com/Salaries/quantitative-analyst-salary-SRCH_KO0,20.htm	116183	81000	173000	23582	5471	100200	$116,183	$81KLow	$173KHigh	$23,582	$5,471 - $100,200
finance-intern	Finance & Accounting	SRCH_KO0,14	https://www.glassdoor.com/Salaries/finance-intern-salary-SRCH_KO0,14.htm	79968	67000	97000				$79,968	$67KLow	$97KHigh	NaN	NaN - NaN
cost-accountant	Finance & Accounting	SRCH_KO0,15	https://www.glassdoor.com/Salaries/cost-accountant-salary-SRCH_KO0,15.htm	62207	47000	79000	4245	1071	9419	$62,207	$47KLow	$79KHigh	$4,245	$1,071 - $9,419
accounts-payable-assistant	Finance & Accounting	SRCH_KO0,26	https://www.glassdoor.com/Salaries/accounts-payable-assistant-salary-SRCH_KO0,26.htm	43929	35000	56000	2129	565	5867	$43,929	$35KLow	$56KHigh	$2,129	$565 - $5,867
mortgage	Finance & Accounting	SRCH_KO0,8	https://www.glassdoor.com/Salaries/mortgage-salary-SRCH_KO0,8.htm	50938	33000	81000	5684	169	57143	$50,938	$33KLow	$81KHigh	$5,684	$169 - $57,143
accounting-specialist	Finance & Accounting	SRCH_KO0,21	https://www.glassdoor.com/Salaries/accounting-specialist-salary-SRCH_KO0,21.htm	47001	36000	64000	2422	703	8196	$47,001	$36KLow	$64KHigh	$2,422	$703 - $8,196
cota	Finance & Accounting	SRCH_KO0,4	https://www.glassdoor.com/Salaries/cota-salary-SRCH_KO0,4.htm	58543	40000	76000				$58,543	$40KLow	$76KHigh	NaN	NaN - NaN
tax-associate	Finance & Accounting	SRCH_KO0,13	https://www.glassdoor.com/Salaries/tax-associate-salary-SRCH_KO0,13.htm	56201	48000	68000	2435	927	6272	$56,201	$48KLow	$68KHigh	$2,435	$927 - $6,272
patient-sitter	Finance & Accounting	SRCH_KO0,14	https://www.glassdoor.com/Salaries/patient-sitter-salary-SRCH_KO0,14.htm	12	10	13	671	671	671	$12	$10Low	$13High	$671	$671 - $671
bookkeeping	Finance & Accounting	SRCH_KO0,11	https://www.glassdoor.com/Salaries/bookkeeping-salary-SRCH_KO0,11.htm	34861	25000	49000	1107	305	5287	$34,861	$25KLow	$49KHigh	$1,107	$305 - $5,287
accounting-analyst	Finance & Accounting	SRCH_KO0,18	https://www.glassdoor.com/Salaries/accounting-analyst-salary-SRCH_KO0,18.htm	52796	39000	71000	4309	1168	11464	$52,796	$39KLow	$71KHigh	$4,309	$1,168 - $11,464
school-nurse	Healthcare	SRCH_KO0,12	https://www.glassdoor.com/Salaries/school-nurse-salary-SRCH_KO0,12.htm	74973	56000	91000	1380	8	4783	$74,973	$56KLow	$91KHigh	$1,380	$8 - $4,783
home-health-aide	Healthcare	SRCH_KO0,16	https://www.glassdoor.com/Salaries/home-health-aide-salary-SRCH_KO0,16.htm	23831	19000	31000	488	156	2520	$23,831	$19KLow	$31KHigh	$488	$156 - $2,520
optician	Healthcare	SRCH_KO0,8	https://www.glassdoor.com/Salaries/optician-salary-SRCH_KO0,8.htm	27864	20000	39000	2506	391	8566	$27,864	$20KLow	$39KHigh	$2,506	$391 - $8,566
radiology-technologist	Healthcare	SRCH_KO0,22	https://www.glassdoor.com/Salaries/radiology-technologist-salary-SRCH_KO0,22.htm	50872	39000	69000	889	241	3219	$50,872	$39KLow	$69KHigh	$889	$241 - $3,219
medical-biller	Healthcare	SRCH_KO0,14	https://www.glassdoor.com/Salaries/medical-biller-salary-SRCH_KO0,14.htm	36698	26000	54000	995	215	3808	$36,698	$26KLow	$54KHigh	$995	$215 - $3,808
occupational-therapy-assistant	Healthcare	SRCH_KO0,30	https://www.glassdoor.com/Salaries/occupational-therapy-assistant-salary-SRCH_KO0,30.htm	30	21	36	468	377	559	$30	$21Low	$36High	$468	$377 - $559
physician	Healthcare	SRCH_KO0,9	https://www.glassdoor.com/Salaries/physician-salary-SRCH_KO0,9.htm	201860	119000	303000	18587	3078	105504	$201,860	$119KLow	$303KHigh	$18,587	$3,078 - $105,504
psychiatric-technician	Healthcare	SRCH_KO0,22	https://www.glassdoor.com/Salaries/psychiatric-technician-salary-SRCH_KO0,22.htm	30233	24000	41000	497	179	1314	$30,233	$24KLow	$41KHigh	$497	$179 - $1,314
physical-therapy-assistant	Healthcare	SRCH_KO0,26	https://www.glassdoor.com/Salaries/physical-therapy-assistant-salary-SRCH_KO0,26.htm	35230	28000	48000	338	169	1251	$35,230	$28KLow	$48KHigh	$338	$169 - $1,251
medical-coding	Healthcare	SRCH_KO0,14	https://www.glassdoor.com/Salaries/medical-coding-salary-SRCH_KO0,14.htm	36698	26000	54000	995	215	3808	$36,698	$26KLow	$54KHigh	$995	$215 - $3,808
human-resource-manager	Human Resources	SRCH_KO0,22	https://www.glassdoor.com/Salaries/human-resource-manager-salary-SRCH_KO0,22.htm	76464	53000	107000	8476	2127	23487	$76,464	$53KLow	$107KHigh	$8,476	$2,127 - $23,487
human-resource	Human Resources	SRCH_KO0,14	https://www.glassdoor.com/Salaries/human-resource-salary-SRCH_KO0,14.htm	59385	39000	91000	5543	1039	19051	$59,385	$39KLow	$91KHigh	$5,543	$1,039 - $19,051
training-coordinator	Human Resources	SRCH_KO0,20	https://www.glassdoor.com/Salaries/training-coordinator-salary-SRCH_KO0,20.htm	51702	37000	73000	2445	634	8564	$51,702	$37KLow	$73KHigh	$2,445	$634 - $8,564
senior-recruiter	Human Resources	SRCH_KO0,16	https://www.glassdoor.com/Salaries/senior-recruiter-salary-SRCH_KO0,16.htm	61808	44000	93000	10705	1879	66295	$61,808	$44KLow	$93KHigh	$10,705	$1,879 - $66,295
human-resources-specialist	Human Resources	SRCH_KO0,26	https://www.glassdoor.com/Salaries/human-resources-specialist-salary-SRCH_KO0,26.htm	53820	37000	78000	3692	781	11489	$53,820	$37KLow	$78KHigh	$3,692	$781 - $11,489
human-resources-intern	Human Resources	SRCH_KO0,22	https://www.glassdoor.com/Salaries/human-resources-intern-salary-SRCH_KO0,22.htm							NaN	NaN	NaN	NaN	NaN - NaN
technical-recruiter	Human Resources	SRCH_KO0,19	https://www.glassdoor.com/Salaries/technical-recruiter-salary-SRCH_KO0,19.htm	51617	37000	82000	14136	2599	58423	$51,617	$37KLow	$82KHigh	$14,136	$2,599 - $58,423
human-resource-generalist	Human Resources	SRCH_KO0,25	https://www.glassdoor.com/Salaries/human-resource-generalist-salary-SRCH_KO0,25.htm	56130	41000	76000	3838	972	11157	$56,130	$41KLow	$76KHigh	$3,838	$972 - $11,157
training-manager	Human Resources	SRCH_KO0,16	https://www.glassdoor.com/Salaries/training-manager-salary-SRCH_KO0,16.htm	76313	49000	111000	8568	1912	31990	$76,313	$49KLow	$111KHigh	$8,568	$1,912 - $31,990
payroll-administrator	Human Resources	SRCH_KO0,21	https://www.glassdoor.com/Salaries/payroll-administrator-salary-SRCH_KO0,21.htm	40744	31000	54000	1568	442	6200	$40,744	$31KLow	$54KHigh	$1,568	$442 - $6,200
human-resources-administrator	Human Resources	SRCH_KO0,29	https://www.glassdoor.com/Salaries/human-resources-administrator-salary-SRCH_KO0,29.htm	50207	39000	67000	2980	944	9014	$50,207	$39KLow	$67KHigh	$2,980	$944 - $9,014
human-resources-representative	Human Resources	SRCH_KO0,30	https://www.glassdoor.com/Salaries/human-resources-representative-salary-SRCH_KO0,30.htm	48570	35000	69000	3513	883	8812	$48,570	$35KLow	$69KHigh	$3,513	$883 - $8,812
training-and-development-specialist	Human Resources	SRCH_KO0,35	https://www.glassdoor.com/Salaries/training-and-development-specialist-salary-SRCH_KO0,35.htm	56048	46000	76000	2036	3	10043	$56,048	$46KLow	$76KHigh	$2,036	$3 - $10,043
human-resources-entry-level	Human Resources	SRCH_KO0,27	https://www.glassdoor.com/Salaries/human-resources-entry-level-salary-SRCH_KO0,27.htm	55370	37000	84000	5261	994	17988	$55,370	$37KLow	$84KHigh	$5,261	$994 - $17,988
training	Human Resources	SRCH_KO0,8	https://www.glassdoor.com/Salaries/training-salary-SRCH_KO0,8.htm	63012	48000	86000	4735	1	10648	$63,012	$48KLow	$86KHigh	$4,735	$1 - $10,648
human-resources-administrative-coordinator	Human Resources	SRCH_KO0,42	https://www.glassdoor.com/Salaries/human-resources-administrative-coordinator-salary-SRCH_KO0,42.htm	43039	34000	54000	1517	415	7149	$43,039	$34KLow	$54KHigh	$1,517	$415 - $7,149
director-human-resources	Human Resources	SRCH_KO0,24	https://www.glassdoor.com/Salaries/director-human-resources-salary-SRCH_KO0,24.htm	106842	73000	150000	15985	4078	42347	$106,842	$73KLow	$150KHigh	$15,985	$4,078 - $42,347
recruiting-manager	Human Resources	SRCH_KO0,18	https://www.glassdoor.com/Salaries/recruiting-manager-salary-SRCH_KO0,18.htm	76315	52000	113000	15684	3511	92773	$76,315	$52KLow	$113KHigh	$15,684	$3,511 - $92,773
hr-associate	Human Resources	SRCH_KO0,12	https://www.glassdoor.com/Salaries/hr-associate-salary-SRCH_KO0,12.htm	51125	36000	71000	3786	974	9489	$51,125	$36KLow	$71KHigh	$3,786	$974 - $9,489
benefits-coordinator	Human Resources	SRCH_KO0,20	https://www.glassdoor.com/Salaries/benefits-coordinator-salary-SRCH_KO0,20.htm	47351	34000	62000	2515	577	12736	$47,351	$34KLow	$62KHigh	$2,515	$577 - $12,736
director-it	Information Technology	SRCH_KO0,11	https://www.glassdoor.com/Salaries/director-it-salary-SRCH_KO0,11.htm	130421	92000	170000	19866	5112	45110	$130,421	$92KLow	$170KHigh	$19,866	$5,112 - $45,110
gis-analyst	Information Technology	SRCH_KO0,11	https://www.glassdoor.com/Salaries/gis-analyst-salary-SRCH_KO0,11.htm	55330	40000	78000	2579	762	9334	$55,330	$40KLow	$78KHigh	$2,579	$762 - $9,334
senior-systems-engineer	Information Technology	SRCH_KO0,23	https://www.glassdoor.com/Salaries/senior-systems-engineer-salary-SRCH_KO0,23.htm	93635	69000	131000	6920	1697	30622	$93,635	$69KLow	$131KHigh	$6,920	$1,697 - $30,622
information-security-analyst	Information Technology	SRCH_KO0,28	https://www.glassdoor.com/Salaries/information-security-analyst-salary-SRCH_KO0,28.htm	80865	57000	137000	5551	1057	15464	$80,865	$57KLow	$137KHigh	$5,551	$1,057 - $15,464
attorney	Legal	SRCH_KO0,8	https://www.glassdoor.com/Salaries/attorney-salary-SRCH_KO0,8.htm	117188	76000	186000	10220	1898	38822	$117,188	$76KLow	$186KHigh	$10,220	$1,898 - $38,822
paralegal	Legal	SRCH_KO0,9	https://www.glassdoor.com/Salaries/paralegal-salary-SRCH_KO0,9.htm	53743	40000	73000	2294	572	9416	$53,743	$40KLow	$73KHigh	$2,294	$572 - $9,416
legal-assistant	Legal	SRCH_KO0,15	https://www.glassdoor.com/Salaries/legal-assistant-salary-SRCH_KO0,15.htm	46452	34000	64000	1425	454	7026	$46,452	$34KLow	$64KHigh	$1,425	$454 - $7,026
legal-secretary	Legal	SRCH_KO0,15	https://www.glassdoor.com/Salaries/legal-secretary-salary-SRCH_KO0,15.htm	53610	37000	72000	1746	445	6158	$53,610	$37KLow	$72KHigh	$1,746	$445 - $6,158
associate-attorney	Legal	SRCH_KO0,18	https://www.glassdoor.com/Salaries/associate-attorney-salary-SRCH_KO0,18.htm	123016	81000	196000	10053	1836	39712	$123,016	$81KLow	$196KHigh	$10,053	$1,836 - $39,712
general-counsel	Legal	SRCH_KO0,15	https://www.glassdoor.com/Salaries/general-counsel-salary-SRCH_KO0,15.htm	207358	144000	276000	40405	9162	130261	$207,358	$144KLow	$276KHigh	$40,405	$9,162 - $130,261
counsel	Legal	SRCH_KO0,7	https://www.glassdoor.com/Salaries/counsel-salary-SRCH_KO0,7.htm	135292	93000	196000	19418	3883	51468	$135,292	$93KLow	$196KHigh	$19,418	$3,883 - $51,468
legal-administrative-assistant	Legal	SRCH_KO0,30	https://www.glassdoor.com/Salaries/legal-administrative-assistant-salary-SRCH_KO0,30.htm	44950	30000	62000	1788	442	7543	$44,950	$30KLow	$62KHigh	$1,788	$442 - $7,543
lawyer	Legal	SRCH_KO0,6	https://www.glassdoor.com/Salaries/lawyer-salary-SRCH_KO0,6.htm	117188	76000	186000	10220	1898	38822	$117,188	$76KLow	$186KHigh	$10,220	$1,898 - $38,822
contract-administrator	Legal	SRCH_KO0,22	https://www.glassdoor.com/Salaries/contract-administrator-salary-SRCH_KO0,22.htm	59399	42000	83000	2698	626	9268	$59,399	$42KLow	$83KHigh	$2,698	$626 - $9,268
in-house-counsel	Legal	SRCH_KO0,16	https://www.glassdoor.com/Salaries/in-house-counsel-salary-SRCH_KO0,16.htm	115316	70000	179000	16144	489	70008	$115,316	$70KLow	$179KHigh	$16,144	$489 - $70,008
law-clerk	Legal	SRCH_KO0,9	https://www.glassdoor.com/Salaries/law-clerk-salary-SRCH_KO0,9.htm	57105	38000	94000	1042	298	7932	$57,105	$38KLow	$94KHigh	$1,042	$298 - $7,932
litigation-paralegal	Legal	SRCH_KO0,20	https://www.glassdoor.com/Salaries/litigation-paralegal-salary-SRCH_KO0,20.htm	53743	40000	73000	2294	572	9416	$53,743	$40KLow	$73KHigh	$2,294	$572 - $9,416
staff-attorney	Legal	SRCH_KO0,14	https://www.glassdoor.com/Salaries/staff-attorney-salary-SRCH_KO0,14.htm	82782	52000	133000	8074	1593	28708	$82,782	$52KLow	$133KHigh	$8,074	$1,593 - $28,708
corporate-counsel	Legal	SRCH_KO0,17	https://www.glassdoor.com/Salaries/corporate-counsel-salary-SRCH_KO0,17.htm	140727	100000	180000	16213	3141	43059	$140,727	$100KLow	$180KHigh	$16,213	$3,141 - $43,059
legal-counsel	Legal	SRCH_KO0,13	https://www.glassdoor.com/Salaries/legal-counsel-salary-SRCH_KO0,13.htm	130911	90000	191000	15702	3165	41797	$130,911	$90KLow	$191KHigh	$15,702	$3,165 - $41,797
legal-intern	Legal	SRCH_KO0,12	https://www.glassdoor.com/Salaries/legal-intern-salary-SRCH_KO0,12.htm	70181	56000	87000				$70,181	$56KLow	$87KHigh	NaN	NaN - NaN
patent-attorney	Legal	SRCH_KO0,15	https://www.glassdoor.com/Salaries/patent-attorney-salary-SRCH_KO0,15.htm	135668	107000	189000	12111	262	38472	$135,668	$107KLow	$189KHigh	$12,111	$262 - $38,472
event-planning	Marketing	SRCH_KO0,14	https://www.glassdoor.com/Salaries/event-planning-salary-SRCH_KO0,14.htm	60166	59000	61000	1613	1613	1613	$60,166	$59KLow	$61KHigh	$1,613	$1,613 - $1,613
sales-marketing	Marketing	SRCH_KO0,15	https://www.glassdoor.com/Salaries/sales-marketing-salary-SRCH_KO0,15.htm	59561	36000	96000	11681	1283	46689	$59,561	$36KLow	$96KHigh	$11,681	$1,283 - $46,689
content-manager	Marketing	SRCH_KO0,15	https://www.glassdoor.com/Salaries/content-manager-salary-SRCH_KO0,15.htm	64367	44000	95000	5004	983	13076	$64,367	$44KLow	$95KHigh	$5,004	$983 - $13,076
event-director	Marketing	SRCH_KO0,14	https://www.glassdoor.com/Salaries/event-director-salary-SRCH_KO0,14.htm	66534	45000	102000	8339	1553	33994	$66,534	$45KLow	$102KHigh	$8,339	$1,553 - $33,994
marketing-analyst	Marketing	SRCH_KO0,17	https://www.glassdoor.com/Salaries/marketing-analyst-salary-SRCH_KO0,17.htm	60823	43000	80000	4753	1058	12324	$60,823	$43KLow	$80KHigh	$4,753	$1,058 - $12,324
costco	Marketing	SRCH_KO0,6	https://www.glassdoor.com/Salaries/costco-salary-SRCH_KO0,6.htm							NaN	NaN	NaN	NaN	NaN - NaN
marketing-intern	Marketing	SRCH_KO0,16	https://www.glassdoor.com/Salaries/marketing-intern-salary-SRCH_KO0,16.htm	62386	51000	84000				$62,386	$51KLow	$84KHigh	NaN	NaN - NaN
work-from-home	Marketing	SRCH_KO0,14	https://www.glassdoor.com/Salaries/work-from-home-salary-SRCH_KO0,14.htm	10	8	10				$10	$8Low	$10High	NaN	NaN - NaN
director-marketing	Marketing	SRCH_KO0,18	https://www.glassdoor.com/Salaries/director-marketing-salary-SRCH_KO0,18.htm	114950	72000	164000	18686	4706	45213	$114,950	$72KLow	$164KHigh	$18,686	$4,706 - $45,213
advertising	Marketing	SRCH_KO0,11	https://www.glassdoor.com/Salaries/advertising-salary-SRCH_KO0,11.htm	53221	33000	97000	1405	2	24783	$53,221	$33KLow	$97KHigh	$1,405	$2 - $24,783
market-research-analyst	Marketing	SRCH_KO0,23	https://www.glassdoor.com/Salaries/market-research-analyst-salary-SRCH_KO0,23.htm	57599	44000	79000	4048	944	14558	$57,599	$44KLow	$79KHigh	$4,048	$944 - $14,558
communications	Media & Communications	SRCH_KO0,14	https://www.glassdoor.com/Salaries/communications-salary-SRCH_KO0,14.htm	61353	40000	103000	3142	2	31428	$61,353	$40KLow	$103KHigh	$3,142	$2 - $31,428
social-media	Media & Communications	SRCH_KO0,12	https://www.glassdoor.com/Salaries/social-media-salary-SRCH_KO0,12.htm	54115	37000	80000	3533	591	13924	$54,115	$37KLow	$80KHigh	$3,533	$591 - $13,924
communications-manager	Media & Communications	SRCH_KO0,22	https://www.glassdoor.com/Salaries/communications-manager-salary-SRCH_KO0,22.htm	70481	48000	99000	7573	1819	19280	$70,481	$48KLow	$99KHigh	$7,573	$1,819 - $19,280
communications-specialist	Media & Communications	SRCH_KO0,25	https://www.glassdoor.com/Salaries/communications-specialist-salary-SRCH_KO0,25.htm	55988	39000	76000	2978	600	9562	$55,988	$39KLow	$76KHigh	$2,978	$600 - $9,562
communications-director	Media & Communications	SRCH_KO0,23	https://www.glassdoor.com/Salaries/communications-director-salary-SRCH_KO0,23.htm	85709	55000	130000	11124	1883	32407	$85,709	$55KLow	$130KHigh	$11,124	$1,883 - $32,407
social-media-manager	Media & Communications	SRCH_KO0,20	https://www.glassdoor.com/Salaries/social-media-manager-salary-SRCH_KO0,20.htm	55199	37000	81000	4218	582	14243	$55,199	$37KLow	$81KHigh	$4,218	$582 - $14,243
media-relations	Media & Communications	SRCH_KO0,15	https://www.glassdoor.com/Salaries/media-relations-salary-SRCH_KO0,15.htm	59460	34000	124000	5414	5414	5414	$59,460	$34KLow	$124KHigh	$5,414	$5,414 - $5,414
security-officer	Military & Protective Services	SRCH_KO0,16	https://www.glassdoor.com/Salaries/security-officer-salary-SRCH_KO0,16.htm	28963	23000	41000	944	233	4880	$28,963	$23KLow	$41KHigh	$944	$233 - $4,880
security	Military & Protective Services	SRCH_KO0,8	https://www.glassdoor.com/Salaries/security-salary-SRCH_KO0,8.htm	27962	20000	41000	1300	302	11406	$27,962	$20KLow	$41KHigh	$1,300	$302 - $11,406
security-guard	Military & Protective Services	SRCH_KO0,14	https://www.glassdoor.com/Salaries/security-guard-salary-SRCH_KO0,14.htm	28963	23000	41000	944	233	4880	$28,963	$23KLow	$41KHigh	$944	$233 - $4,880
department-of-veterans-affairs	Military & Protective Services	SRCH_KO0,30	https://www.glassdoor.com/Salaries/department-of-veterans-affairs-salary-SRCH_KO0,30.htm	55453	43000	90000				$55,453	$43KLow	$90KHigh	NaN	NaN - NaN
armed-security-officer	Military & Protective Services	SRCH_KO0,22	https://www.glassdoor.com/Salaries/armed-security-officer-salary-SRCH_KO0,22.htm	28963	23000	41000	944	233	4880	$28,963	$23KLow	$41KHigh	$944	$233 - $4,880
police-officer	Military & Protective Services	SRCH_KO0,14	https://www.glassdoor.com/Salaries/police-officer-salary-SRCH_KO0,14.htm	53894	36000	82000	1746	518	14541	$53,894	$36KLow	$82KHigh	$1,746	$518 - $14,541
law-enforcement	Military & Protective Services	SRCH_KO0,15	https://www.glassdoor.com/Salaries/law-enforcement-salary-SRCH_KO0,15.htm	56090	39000	95000	2883	2	21657	$56,090	$39KLow	$95KHigh	$2,883	$2 - $21,657
correctional-officer	Military & Protective Services	SRCH_KO0,20	https://www.glassdoor.com/Salaries/correctional-officer-salary-SRCH_KO0,20.htm	38187	29000	55000	871	201	8062	$38,187	$29KLow	$55KHigh	$871	$201 - $8,062
compliance-specialist	Operations	SRCH_KO0,21	https://www.glassdoor.com/Salaries/compliance-specialist-salary-SRCH_KO0,21.htm	59746	41000	85000	4115	933	14234	$59,746	$41KLow	$85KHigh	$4,115	$933 - $14,234
production-planner	Operations	SRCH_KO0,18	https://www.glassdoor.com/Salaries/production-planner-salary-SRCH_KO0,18.htm	65274	47000	81000	3598	908	9996	$65,274	$47KLow	$81KHigh	$3,598	$908 - $9,996
scheduler	Operations	SRCH_KO0,9	https://www.glassdoor.com/Salaries/scheduler-salary-SRCH_KO0,9.htm	46606	33000	67000	2708	486	13238	$46,606	$33KLow	$67KHigh	$2,708	$486 - $13,238
director-operations	Operations	SRCH_KO0,19	https://www.glassdoor.com/Salaries/director-operations-salary-SRCH_KO0,19.htm	111069	70000	164000	15504	3145	47846	$111,069	$70KLow	$164KHigh	$15,504	$3,145 - $47,846
inventory-specialist	Operations	SRCH_KO0,20	https://www.glassdoor.com/Salaries/inventory-specialist-salary-SRCH_KO0,20.htm	32865	25000	46000	1273	384	4691	$32,865	$25KLow	$46KHigh	$1,273	$384 - $4,691
vice-president-of-operations	Operations	SRCH_KO0,28	https://www.glassdoor.com/Salaries/vice-president-of-operations-salary-SRCH_KO0,28.htm	145773	83000	218000	26959	43	67810	$145,773	$83KLow	$218KHigh	$26,959	$43 - $67,810
flight-attendant	Other	SRCH_KO0,16	https://www.glassdoor.com/Salaries/flight-attendant-salary-SRCH_KO0,16.htm	41068	26000	62000	1425	372	6853	$41,068	$26KLow	$62KHigh	$1,425	$372 - $6,853
intern	Other	SRCH_KO0,6	https://www.glassdoor.com/Salaries/intern-salary-SRCH_KO0,6.htm	37882	27000	49000	2011	1522	2500	$37,882	$27KLow	$49KHigh	$2,011	$1,522 - $2,500
assistant	Other	SRCH_KO0,9	https://www.glassdoor.com/Salaries/assistant-salary-SRCH_KO0,9.htm	36454	25000	55000	1520	316	8568	$36,454	$25KLow	$55KHigh	$1,520	$316 - $8,568
internship	Other	SRCH_KO0,10	https://www.glassdoor.com/Salaries/internship-salary-SRCH_KO0,10.htm	44998	26000	64000				$44,998	$26KLow	$64KHigh	NaN	NaN - NaN
health-coach	Other	SRCH_KO0,12	https://www.glassdoor.com/Salaries/health-coach-salary-SRCH_KO0,12.htm	48239	34000	67000	1740	298	11950	$48,239	$34KLow	$67KHigh	$1,740	$298 - $11,950
chaplain	Other	SRCH_KO0,8	https://www.glassdoor.com/Salaries/chaplain-salary-SRCH_KO0,8.htm	54215	38000	84000	3058	514	9366	$54,215	$38KLow	$84KHigh	$3,058	$514 - $9,366
fundraising	Other	SRCH_KO0,11	https://www.glassdoor.com/Salaries/fundraising-salary-SRCH_KO0,11.htm	49595	39000	70000	3209	525	22945	$49,595	$39KLow	$70KHigh	$3,209	$525 - $22,945
airport	Other	SRCH_KO0,7	https://www.glassdoor.com/Salaries/airport-salary-SRCH_KO0,7.htm							NaN	NaN	NaN	NaN	NaN - NaN
summer-internship	Other	SRCH_KO0,17	https://www.glassdoor.com/Salaries/summer-internship-salary-SRCH_KO0,17.htm							NaN	NaN	NaN	NaN	NaN - NaN
nonprofit	Other	SRCH_KO0,9	https://www.glassdoor.com/Salaries/nonprofit-salary-SRCH_KO0,9.htm	54426	54000	55000				$54,426	$54KLow	$55KHigh	NaN	NaN - NaN
virtual-assistant	Other	SRCH_KO0,17	https://www.glassdoor.com/Salaries/virtual-assistant-salary-SRCH_KO0,17.htm	37500	20000	49000				$37,500	$20KLow	$49KHigh	NaN	NaN - NaN
project-manager	Product & Project Management	SRCH_KO0,15	https://www.glassdoor.com/Salaries/project-manager-salary-SRCH_KO0,15.htm	75474	51000	111000	6473	1541	19755	$75,474	$51KLow	$111KHigh	$6,473	$1,541 - $19,755
product-manager	Product & Project Management	SRCH_KO0,15	https://www.glassdoor.com/Salaries/product-manager-salary-SRCH_KO0,15.htm	113886	78000	154000	11949	3797	30291	$113,886	$78KLow	$154KHigh	$11,949	$3,797 - $30,291
program-manager	Product & Project Management	SRCH_KO0,15	https://www.glassdoor.com/Salaries/program-manager-salary-SRCH_KO0,15.htm	87658	57000	127000	9238	2411	22524	$87,658	$57KLow	$127KHigh	$9,238	$2,411 - $22,524
project-coordinator	Product & Project Management	SRCH_KO0,19	https://www.glassdoor.com/Salaries/project-coordinator-salary-SRCH_KO0,19.htm	51468	38000	72000	2389	581	10019	$51,468	$38KLow	$72KHigh	$2,389	$581 - $10,019
senior-project-manager	Product & Project Management	SRCH_KO0,22	https://www.glassdoor.com/Salaries/senior-project-manager-salary-SRCH_KO0,22.htm	94191	68000	134000	7573	1773	23204	$94,191	$68KLow	$134KHigh	$7,573	$1,773 - $23,204
it-project-manager	Product & Project Management	SRCH_KO0,18	https://www.glassdoor.com/Salaries/it-project-manager-salary-SRCH_KO0,18.htm	97312	74000	128000	8465	2030	20801	$97,312	$74KLow	$128KHigh	$8,465	$2,030 - $20,801
coordinator	Product & Project Management	SRCH_KO0,11	https://www.glassdoor.com/Salaries/coordinator-salary-SRCH_KO0,11.htm	48024	35000	65000	2273	526	8351	$48,024	$35KLow	$65KHigh	$2,273	$526 - $8,351
construction-project-manager	Product & Project Management	SRCH_KO0,28	https://www.glassdoor.com/Salaries/construction-project-manager-salary-SRCH_KO0,28.htm	97595	66000	140000	9787	2341	30698	$97,595	$66KLow	$140KHigh	$9,787	$2,341 - $30,698
assistant-project-manager	Product & Project Management	SRCH_KO0,25	https://www.glassdoor.com/Salaries/assistant-project-manager-salary-SRCH_KO0,25.htm	66738	45000	96000	5918	1429	17736	$66,738	$45KLow	$96KHigh	$5,918	$1,429 - $17,736
program-coordinator	Product & Project Management	SRCH_KO0,19	https://www.glassdoor.com/Salaries/program-coordinator-salary-SRCH_KO0,19.htm	47125	34000	69000	1289	436	6207	$47,125	$34KLow	$69KHigh	$1,289	$436 - $6,207
project-management	Product & Project Management	SRCH_KO0,18	https://www.glassdoor.com/Salaries/project-management-salary-SRCH_KO0,18.htm	75495	52000	120000	6309	1525	19499	$75,495	$52KLow	$120KHigh	$6,309	$1,525 - $19,499
senior-program-manager	Product & Project Management	SRCH_KO0,22	https://www.glassdoor.com/Salaries/senior-program-manager-salary-SRCH_KO0,22.htm	110016	78000	152000	10781	2791	26547	$110,016	$78KLow	$152KHigh	$10,781	$2,791 - $26,547
senior-product-manager	Product & Project Management	SRCH_KO0,22	https://www.glassdoor.com/Salaries/senior-product-manager-salary-SRCH_KO0,22.htm	138388	97000	185000	13752	4345	35268	$138,388	$97KLow	$185KHigh	$13,752	$4,345 - $35,268
technical-project-manager	Product & Project Management	SRCH_KO0,25	https://www.glassdoor.com/Salaries/technical-project-manager-salary-SRCH_KO0,25.htm	93633	70000	124000	8803	2117	20674	$93,633	$70KLow	$124KHigh	$8,803	$2,117 - $20,674
patient-coordinator	Product & Project Management	SRCH_KO0,19	https://www.glassdoor.com/Salaries/patient-coordinator-salary-SRCH_KO0,19.htm	38617	28000	50000	11748	157	51290	$38,617	$28KLow	$50KHigh	$11,748	$157 - $51,290
product-marketing-manager	Product & Project Management	SRCH_KO0,25	https://www.glassdoor.com/Salaries/product-marketing-manager-salary-SRCH_KO0,25.htm	113049	81000	145000	12473	4390	27499	$113,049	$81KLow	$145KHigh	$12,473	$4,390 - $27,499
scrum-master	Product & Project Management	SRCH_KO0,12	https://www.glassdoor.com/Salaries/scrum-master-salary-SRCH_KO0,12.htm	93285	74000	116000	7741	1796	18610	$93,285	$74KLow	$116KHigh	$7,741	$1,796 - $18,610
program-director	Product & Project Management	SRCH_KO0,16	https://www.glassdoor.com/Salaries/program-director-salary-SRCH_KO0,16.htm	90432	54000	146000	10475	1959	32248	$90,432	$54KLow	$146KHigh	$10,475	$1,959 - $32,248
project-assistant	Product & Project Management	SRCH_KO0,17	https://www.glassdoor.com/Salaries/project-assistant-salary-SRCH_KO0,17.htm	45304	34000	59000	1158	476	4040	$45,304	$34KLow	$59KHigh	$1,158	$476 - $4,040
sr-project-manager	Product & Project Management	SRCH_KO0,18	https://www.glassdoor.com/Salaries/sr-project-manager-salary-SRCH_KO0,18.htm	94191	68000	134000	7573	1773	23204	$94,191	$68KLow	$134KHigh	$7,573	$1,773 - $23,204
production-coordinator	Product & Project Management	SRCH_KO0,22	https://www.glassdoor.com/Salaries/production-coordinator-salary-SRCH_KO0,22.htm	47065	37000	61000	1221	4	7000	$47,065	$37KLow	$61KHigh	$1,221	$4 - $7,000
technical-program-manager	Product & Project Management	SRCH_KO0,25	https://www.glassdoor.com/Salaries/technical-program-manager-salary-SRCH_KO0,25.htm	125219	97000	155000	13509	4798	34033	$125,219	$97KLow	$155KHigh	$13,509	$4,798 - $34,033
director-product-management	Product & Project Management	SRCH_KO0,27	https://www.glassdoor.com/Salaries/director-product-management-salary-SRCH_KO0,27.htm	165768	123000	213000	24204	7783	54277	$165,768	$123KLow	$213KHigh	$24,204	$7,783 - $54,277
associate-product-manager	Product & Project Management	SRCH_KO0,25	https://www.glassdoor.com/Salaries/associate-product-manager-salary-SRCH_KO0,25.htm	85208	58000	117000	9676	3156	23962	$85,208	$58KLow	$117KHigh	$9,676	$3,156 - $23,962
product-management	Product & Project Management	SRCH_KO0,18	https://www.glassdoor.com/Salaries/product-management-salary-SRCH_KO0,18.htm	111171	76000	153000	12540	3987	32542	$111,171	$76KLow	$153KHigh	$12,540	$3,987 - $32,542
program-assistant	Product & Project Management	SRCH_KO0,17	https://www.glassdoor.com/Salaries/program-assistant-salary-SRCH_KO0,17.htm	44186	33000	59000	1209	464	4738	$44,186	$33KLow	$59KHigh	$1,209	$464 - $4,738
implementation-manager	Product & Project Management	SRCH_KO0,22	https://www.glassdoor.com/Salaries/implementation-manager-salary-SRCH_KO0,22.htm	75780	52000	106000	7554	2074	17460	$75,780	$52KLow	$106KHigh	$7,554	$2,074 - $17,460
volunteer-coordinator	Product & Project Management	SRCH_KO0,21	https://www.glassdoor.com/Salaries/volunteer-coordinator-salary-SRCH_KO0,21.htm	38484	28000	49000	546	1	5998	$38,484	$28KLow	$49KHigh	$546	$1 - $5,998
intelligence-analyst	Research & Science	SRCH_KO0,20	https://www.glassdoor.com/Salaries/intelligence-analyst-salary-SRCH_KO0,20.htm	68818	36000	107000	3005	1	10149	$68,818	$36KLow	$107KHigh	$3,005	$1 - $10,149
clinical-laboratory-scientist	Research & Science	SRCH_KO0,29	https://www.glassdoor.com/Salaries/clinical-laboratory-scientist-salary-SRCH_KO0,29.htm	74570	49000	105000	1832	566	5646	$74,570	$49KLow	$105KHigh	$1,832	$566 - $5,646
photo-editor	Research & Science	SRCH_KO0,12	https://www.glassdoor.com/Salaries/photo-editor-salary-SRCH_KO0,12.htm	35726	24000	53000	1374	265	13844	$35,726	$24KLow	$53KHigh	$1,374	$265 - $13,844
credit-manager	Research & Science	SRCH_KO0,14	https://www.glassdoor.com/Salaries/credit-manager-salary-SRCH_KO0,14.htm	61047	42000	91000	7684	1492	25340	$61,047	$42KLow	$91KHigh	$7,684	$1,492 - $25,340
background-investigator	Research & Science	SRCH_KO0,23	https://www.glassdoor.com/Salaries/background-investigator-salary-SRCH_KO0,23.htm	53854	38000	79000	4927	873	11912	$53,854	$38KLow	$79KHigh	$4,927	$873 - $11,912
business-intelligence	Research & Science	SRCH_KO0,21	https://www.glassdoor.com/Salaries/business-intelligence-salary-SRCH_KO0,21.htm	80300	56000	134000	10407	89	37872	$80,300	$56KLow	$134KHigh	$10,407	$89 - $37,872
stocker	Retail & Food Services	SRCH_KO0,7	https://www.glassdoor.com/Salaries/stocker-salary-SRCH_KO0,7.htm	24158	20000	31000	625	203	4213	$24,158	$20KLow	$31KHigh	$625	$203 - $4,213
cocktail-server	Retail & Food Services	SRCH_KO0,15	https://www.glassdoor.com/Salaries/cocktail-server-salary-SRCH_KO0,15.htm	32529	15000	59000	16913	567	33259	$32,529	$15KLow	$59KHigh	$16,913	$567 - $33,259
personal-banker	Retail & Food Services	SRCH_KO0,15	https://www.glassdoor.com/Salaries/personal-banker-salary-SRCH_KO0,15.htm	38660	31000	48000	5086	1128	15506	$38,660	$31KLow	$48KHigh	$5,086	$1,128 - $15,506
waitress	Retail & Food Services	SRCH_KO0,8	https://www.glassdoor.com/Salaries/waitress-salary-SRCH_KO0,8.htm	22610	18000	32000	18359	2000	49637	$22,610	$18KLow	$32KHigh	$18,359	$2,000 - $49,637
cake-decorator	Retail & Food Services	SRCH_KO0,14	https://www.glassdoor.com/Salaries/cake-decorator-salary-SRCH_KO0,14.htm	24669	21000	34000	650	196	3002	$24,669	$21KLow	$34KHigh	$650	$196 - $3,002
food-service-director	Retail & Food Services	SRCH_KO0,21	https://www.glassdoor.com/Salaries/food-service-director-salary-SRCH_KO0,21.htm	57286	41000	77000	5085	949	12966	$57,286	$41KLow	$77KHigh	$5,085	$949 - $12,966
cashiers	Retail & Food Services	SRCH_KO0,8	https://www.glassdoor.com/Salaries/cashiers-salary-SRCH_KO0,8.htm	22711	19000	28000	704	201	4298	$22,711	$19KLow	$28KHigh	$704	$201 - $4,298
dietary-aide	Retail & Food Services	SRCH_KO0,12	https://www.glassdoor.com/Salaries/dietary-aide-salary-SRCH_KO0,12.htm	23680	19000	32000	726	186	2479	$23,680	$19KLow	$32KHigh	$726	$186 - $2,479
part-time-cashier	Retail & Food Services	SRCH_KO0,17	https://www.glassdoor.com/Salaries/part-time-cashier-salary-SRCH_KO0,17.htm	22711	19000	28000	704	201	4298	$22,711	$19KLow	$28KHigh	$704	$201 - $4,298
food-and-beverage-manager	Retail & Food Services	SRCH_KO0,25	https://www.glassdoor.com/Salaries/food-and-beverage-manager-salary-SRCH_KO0,25.htm	50881	37000	68000	5076	1195	17935	$50,881	$37KLow	$68KHigh	$5,076	$1,195 - $17,935
kitchen-manager	Retail & Food Services	SRCH_KO0,15	https://www.glassdoor.com/Salaries/kitchen-manager-salary-SRCH_KO0,15.htm	49446	37000	64000	4208	695	13316	$49,446	$37KLow	$64KHigh	$4,208	$695 - $13,316
banquet-server	Retail & Food Services	SRCH_KO0,14	https://www.glassdoor.com/Salaries/banquet-server-salary-SRCH_KO0,14.htm	28793	23000	35000	9773	100	40063	$28,793	$23KLow	$35KHigh	$9,773	$100 - $40,063
key-holder	Retail & Food Services	SRCH_KO0,10	https://www.glassdoor.com/Salaries/key-holder-salary-SRCH_KO0,10.htm	24328	19000	33000	1321	276	8529	$24,328	$19KLow	$33KHigh	$1,321	$276 - $8,529
barista	Retail & Food Services	SRCH_KO0,7	https://www.glassdoor.com/Salaries/barista-salary-SRCH_KO0,7.htm	22559	19000	29000	1361	437	3740	$22,559	$19KLow	$29KHigh	$1,361	$437 - $3,740
merchandising	Retail & Food Services	SRCH_KO0,13	https://www.glassdoor.com/Salaries/merchandising-salary-SRCH_KO0,13.htm	26484	20000	37000	2303	400	7844	$26,484	$20KLow	$37KHigh	$2,303	$400 - $7,844
associate	Retail & Food Services	SRCH_KO0,9	https://www.glassdoor.com/Salaries/associate-salary-SRCH_KO0,9.htm	83399	53000	172000	9092	1920	51279	$83,399	$53KLow	$172KHigh	$9,092	$1,920 - $51,279
store-management	Retail & Food Services	SRCH_KO0,16	https://www.glassdoor.com/Salaries/store-management-salary-SRCH_KO0,16.htm	48493	33000	72000	6319	1148	28430	$48,493	$33KLow	$72KHigh	$6,319	$1,148 - $28,430
stock	Retail & Food Services	SRCH_KO0,5	https://www.glassdoor.com/Salaries/stock-salary-SRCH_KO0,5.htm	24158	20000	31000	625	203	4213	$24,158	$20KLow	$31KHigh	$625	$203 - $4,213
warehouse-clerk	Retail & Food Services	SRCH_KO0,15	https://www.glassdoor.com/Salaries/warehouse-clerk-salary-SRCH_KO0,15.htm	34070	24000	43000	1325	645	2004	$34,070	$24KLow	$43KHigh	$1,325	$645 - $2,004
meat-cutter	Retail & Food Services	SRCH_KO0,11	https://www.glassdoor.com/Salaries/meat-cutter-salary-SRCH_KO0,11.htm	30574	22000	43000	1205	325	5087	$30,574	$22KLow	$43KHigh	$1,205	$325 - $5,087
hostess	Retail & Food Services	SRCH_KO0,7	https://www.glassdoor.com/Salaries/hostess-salary-SRCH_KO0,7.htm	23024	19000	34000	2571	323	10762	$23,024	$19KLow	$34KHigh	$2,571	$323 - $10,762
restaurant-server	Retail & Food Services	SRCH_KO0,17	https://www.glassdoor.com/Salaries/restaurant-server-salary-SRCH_KO0,17.htm	29172	16000	54000	23537	12677	36378	$29,172	$16KLow	$54KHigh	$23,537	$12,677 - $36,378
food-service-manager	Retail & Food Services	SRCH_KO0,20	https://www.glassdoor.com/Salaries/food-service-manager-salary-SRCH_KO0,20.htm	46799	34000	62000	3938	764	13542	$46,799	$34KLow	$62KHigh	$3,938	$764 - $13,542
realtor	Sales	SRCH_KO0,7	https://www.glassdoor.com/Salaries/realtor-salary-SRCH_KO0,7.htm	50973	14000	105000	39996	10	122364	$50,973	$14KLow	$105KHigh	$39,996	$10 - $122,364
territory-sales	Sales	SRCH_KO0,15	https://www.glassdoor.com/Salaries/territory-sales-salary-SRCH_KO0,15.htm	64595	42000	84000	15182	4390	65174	$64,595	$42KLow	$84KHigh	$15,182	$4,390 - $65,174
vice-president-sales	Sales	SRCH_KO0,20	https://www.glassdoor.com/Salaries/vice-president-sales-salary-SRCH_KO0,20.htm	154996	90000	225000	65254	9505	200781	$154,996	$90KLow	$225KHigh	$65,254	$9,505 - $200,781
medical-sales	Sales	SRCH_KO0,13	https://www.glassdoor.com/Salaries/medical-sales-salary-SRCH_KO0,13.htm	62352	36000	107000	20962	906	43129	$62,352	$36KLow	$107KHigh	$20,962	$906 - $43,129
remote	Sales	SRCH_KO0,6	https://www.glassdoor.com/Salaries/remote-salary-SRCH_KO0,6.htm							NaN	NaN	NaN	NaN	NaN - NaN
medical-device-sales-representative	Sales	SRCH_KO0,35	https://www.glassdoor.com/Salaries/medical-device-sales-representative-salary-SRCH_KO0,35.htm	65712	46000	99000	43237	613	122654	$65,712	$46KLow	$99KHigh	$43,237	$613 - $122,654
executive-assistants	Sales	SRCH_KO0,20	https://www.glassdoor.com/Salaries/executive-assistants-salary-SRCH_KO0,20.htm	58168	41000	82000	3563	864	12340	$58,168	$41KLow	$82KHigh	$3,563	$864 - $12,340
medical-device-sales	Sales	SRCH_KO0,20	https://www.glassdoor.com/Salaries/medical-device-sales-salary-SRCH_KO0,20.htm	60959	38000	87000	24971	4937	81007	$60,959	$38KLow	$87KHigh	$24,971	$4,937 - $81,007
senior-account-manager	Sales	SRCH_KO0,22	https://www.glassdoor.com/Salaries/senior-account-manager-salary-SRCH_KO0,22.htm	70993	46000	106000	19828	2489	95131	$70,993	$46KLow	$106KHigh	$19,828	$2,489 - $95,131
area-sales-manager	Sales	SRCH_KO0,18	https://www.glassdoor.com/Salaries/area-sales-manager-salary-SRCH_KO0,18.htm	74108	49000	114000	24354	4887	106552	$74,108	$49KLow	$114KHigh	$24,354	$4,887 - $106,552
insurance	Sales	SRCH_KO0,9	https://www.glassdoor.com/Salaries/insurance-salary-SRCH_KO0,9.htm	53100	33000	90000	4521	350	25022	$53,100	$33KLow	$90KHigh	$4,521	$350 - $25,022
retail-sales-representative	Sales	SRCH_KO0,27	https://www.glassdoor.com/Salaries/retail-sales-representative-salary-SRCH_KO0,27.htm	26952	20000	37000	12716	1888	28297	$26,952	$20KLow	$37KHigh	$12,716	$1,888 - $28,297
account-director	Sales	SRCH_KO0,16	https://www.glassdoor.com/Salaries/account-director-salary-SRCH_KO0,16.htm	107277	75000	153000	19488	3030	106905	$107,277	$75KLow	$153KHigh	$19,488	$3,030 - $106,905
inside-sales-account-manager	Sales	SRCH_KO0,28	https://www.glassdoor.com/Salaries/inside-sales-account-manager-salary-SRCH_KO0,28.htm	46628	34000	67000	19616	3056	54057	$46,628	$34KLow	$67KHigh	$19,616	$3,056 - $54,057
key-account-manager	Sales	SRCH_KO0,19	https://www.glassdoor.com/Salaries/key-account-manager-salary-SRCH_KO0,19.htm	80423	54000	113000	18155	5317	64687	$80,423	$54KLow	$113KHigh	$18,155	$5,317 - $64,687
sales-account-manager	Sales	SRCH_KO0,21	https://www.glassdoor.com/Salaries/sales-account-manager-salary-SRCH_KO0,21.htm	59082	39000	90000	16291	2145	75598	$59,082	$39KLow	$90KHigh	$16,291	$2,145 - $75,598
sales-development-representative	Sales	SRCH_KO0,32	https://www.glassdoor.com/Salaries/sales-development-representative-salary-SRCH_KO0,32.htm	50198	37000	68000	19223	5435	42055	$50,198	$37KLow	$68KHigh	$19,223	$5,435 - $42,055
real-estate-agent	Sales	SRCH_KO0,17	https://www.glassdoor.com/Salaries/real-estate-agent-salary-SRCH_KO0,17.htm	51634	12000	104000	38064	29	124519	$51,634	$12KLow	$104KHigh	$38,064	$29 - $124,519
home-depot	Sales	SRCH_KO0,10	https://www.glassdoor.com/Salaries/home-depot-salary-SRCH_KO0,10.htm	11	10	14	322	2	2728	$11	$10Low	$14High	$322	$2 - $2,728
leasing-agent	Sales	SRCH_KO0,13	https://www.glassdoor.com/Salaries/leasing-agent-salary-SRCH_KO0,13.htm	31615	24000	41000	4628	598	22522	$31,615	$24KLow	$41KHigh	$4,628	$598 - $22,522
the-home-depot	Sales	SRCH_KO0,14	https://www.glassdoor.com/Salaries/the-home-depot-salary-SRCH_KO0,14.htm	52990	35000	81000	5157	1101	47299	$52,990	$35KLow	$81KHigh	$5,157	$1,101 - $47,299
regional-sales-director	Sales	SRCH_KO0,23	https://www.glassdoor.com/Salaries/regional-sales-director-salary-SRCH_KO0,23.htm	122503	78000	175000	58733	15572	166139	$122,503	$78KLow	$175KHigh	$58,733	$15,572 - $166,139
computer-technician	Sales	SRCH_KO0,19	https://www.glassdoor.com/Salaries/computer-technician-salary-SRCH_KO0,19.htm	33107	23000	49000	2391	483	6807	$33,107	$23KLow	$49KHigh	$2,391	$483 - $6,807
sales-consultant	Sales	SRCH_KO0,16	https://www.glassdoor.com/Salaries/sales-consultant-salary-SRCH_KO0,16.htm	47783	31000	78000	20198	2255	82849	$47,783	$31KLow	$78KHigh	$20,198	$2,255 - $82,849
real-estate	Sales	SRCH_KO0,11	https://www.glassdoor.com/Salaries/real-estate-salary-SRCH_KO0,11.htm	71060	54000	91000	13939	26	82607	$71,060	$54KLow	$91KHigh	$13,939	$26 - $82,607
vice-president-of-sales	Sales	SRCH_KO0,23	https://www.glassdoor.com/Salaries/vice-president-of-sales-salary-SRCH_KO0,23.htm	160454	88000	222000	76841	5442	219409	$160,454	$88KLow	$222KHigh	$76,841	$5,442 - $219,409
real-estate-analyst	Sales	SRCH_KO0,19	https://www.glassdoor.com/Salaries/real-estate-analyst-salary-SRCH_KO0,19.htm	66705	48000	92000	9451	2273	39377	$66,705	$48KLow	$92KHigh	$9,451	$2,273 - $39,377
national-sales-manager	Sales	SRCH_KO0,22	https://www.glassdoor.com/Salaries/national-sales-manager-salary-SRCH_KO0,22.htm	94344	55000	136000	20325	1285	61937	$94,344	$55KLow	$136KHigh	$20,325	$1,285 - $61,937
benefits-manager	Sales	SRCH_KO0,16	https://www.glassdoor.com/Salaries/benefits-manager-salary-SRCH_KO0,16.htm	79599	54000	106000	3553	766	19299	$79,599	$54KLow	$106KHigh	$3,553	$766 - $19,299
carpenter	Skilled Labor & Manufacturing	SRCH_KO0,9	https://www.glassdoor.com/Salaries/carpenter-salary-SRCH_KO0,9.htm	53057	36000	64000	5255	1161	10523	$53,057	$36KLow	$64KHigh	$5,255	$1,161 - $10,523
ekg-technician	Skilled Labor & Manufacturing	SRCH_KO0,14	https://www.glassdoor.com/Salaries/ekg-technician-salary-SRCH_KO0,14.htm	39776	31000	56000				$39,776	$31KLow	$56KHigh	NaN	NaN - NaN
painter	Skilled Labor & Manufacturing	SRCH_KO0,7	https://www.glassdoor.com/Salaries/painter-salary-SRCH_KO0,7.htm	35008	24000	51000	1251	207	6957	$35,008	$24KLow	$51KHigh	$1,251	$207 - $6,957
production-maintenance	Skilled Labor & Manufacturing	SRCH_KO0,22	https://www.glassdoor.com/Salaries/production-maintenance-salary-SRCH_KO0,22.htm	37276	25000	56000	2173	404	5779	$37,276	$25KLow	$56KHigh	$2,173	$404 - $5,779
maintenance-electrician	Skilled Labor & Manufacturing	SRCH_KO0,23	https://www.glassdoor.com/Salaries/maintenance-electrician-salary-SRCH_KO0,23.htm	53794	36000	77000	2051	551	14798	$53,794	$36KLow	$77KHigh	$2,051	$551 - $14,798
hvac-technician	Skilled Labor & Manufacturing	SRCH_KO0,15	https://www.glassdoor.com/Salaries/hvac-technician-salary-SRCH_KO0,15.htm	51923	34000	78000	3229	102	34028	$51,923	$34KLow	$78KHigh	$3,229	$102 - $34,028
field-technician	Skilled Labor & Manufacturing	SRCH_KO0,16	https://www.glassdoor.com/Salaries/field-technician-salary-SRCH_KO0,16.htm	39105	28000	57000	1713	422	6706	$39,105	$28KLow	$57KHigh	$1,713	$422 - $6,706
general-laborer	Skilled Labor & Manufacturing	SRCH_KO0,15	https://www.glassdoor.com/Salaries/general-laborer-salary-SRCH_KO0,15.htm	30699	22000	47000	1037	247	5134	$30,699	$22KLow	$47KHigh	$1,037	$247 - $5,134
process-technician	Skilled Labor & Manufacturing	SRCH_KO0,18	https://www.glassdoor.com/Salaries/process-technician-salary-SRCH_KO0,18.htm	46955	39000	70000	2056	2	6712	$46,955	$39KLow	$70KHigh	$2,056	$2 - $6,712
production-workers	Skilled Labor & Manufacturing	SRCH_KO0,18	https://www.glassdoor.com/Salaries/production-workers-salary-SRCH_KO0,18.htm	28857	21000	41000	1021	284	3106	$28,857	$21KLow	$41KHigh	$1,021	$284 - $3,106
beauty-advisor	Skilled Labor & Manufacturing	SRCH_KO0,14	https://www.glassdoor.com/Salaries/beauty-advisor-salary-SRCH_KO0,14.htm	25442	21000	35000	2017	275	7354	$25,442	$21KLow	$35KHigh	$2,017	$275 - $7,354
estimator	Skilled Labor & Manufacturing	SRCH_KO0,9	https://www.glassdoor.com/Salaries/estimator-salary-SRCH_KO0,9.htm	64688	44000	90000	4646	948	19890	$64,688	$44KLow	$90KHigh	$4,646	$948 - $19,890
maintenance-tech	Skilled Labor & Manufacturing	SRCH_KO0,16	https://www.glassdoor.com/Salaries/maintenance-tech-salary-SRCH_KO0,16.htm	43109	29000	59000	1640	368	6689	$43,109	$29KLow	$59KHigh	$1,640	$368 - $6,689
test-technician	Skilled Labor & Manufacturing	SRCH_KO0,15	https://www.glassdoor.com/Salaries/test-technician-salary-SRCH_KO0,15.htm	44115	32000	60000	1133	233	3645	$44,115	$32KLow	$60KHigh	$1,133	$233 - $3,645
equipment-operator	Skilled Labor & Manufacturing	SRCH_KO0,18	https://www.glassdoor.com/Salaries/equipment-operator-salary-SRCH_KO0,18.htm	55215	32000	102000	3709	472	44691	$55,215	$32KLow	$102KHigh	$3,709	$472 - $44,691
assembly-line-worker	Skilled Labor & Manufacturing	SRCH_KO0,20	https://www.glassdoor.com/Salaries/assembly-line-worker-salary-SRCH_KO0,20.htm	28857	21000	41000	1021	284	3106	$28,857	$21KLow	$41KHigh	$1,021	$284 - $3,106
welding	Skilled Labor & Manufacturing	SRCH_KO0,7	https://www.glassdoor.com/Salaries/welding-salary-SRCH_KO0,7.htm	85000	85000	85000				$85,000	$85KLow	$85KHigh	NaN	NaN - NaN
sterile-processing-technician	Skilled Labor & Manufacturing	SRCH_KO0,29	https://www.glassdoor.com/Salaries/sterile-processing-technician-salary-SRCH_KO0,29.htm	36196	28000	51000	1081	1081	1081	$36,196	$28KLow	$51KHigh	$1,081	$1,081 - $1,081
wellness-coordinator	Skilled Labor & Manufacturing	SRCH_KO0,20	https://www.glassdoor.com/Salaries/wellness-coordinator-salary-SRCH_KO0,20.htm	47895	36000	67000	3058	404	11485	$47,895	$36KLow	$67KHigh	$3,058	$404 - $11,485
telecommunications-technician	Skilled Labor & Manufacturing	SRCH_KO0,29	https://www.glassdoor.com/Salaries/telecommunications-technician-salary-SRCH_KO0,29.htm	46503	28000	59000	2231	558	9847	$46,503	$28KLow	$59KHigh	$2,231	$558 - $9,847
production-technician	Skilled Labor & Manufacturing	SRCH_KO0,21	https://www.glassdoor.com/Salaries/production-technician-salary-SRCH_KO0,21.htm	37276	25000	56000	2173	404	5779	$37,276	$25KLow	$56KHigh	$2,173	$404 - $5,779
packer	Skilled Labor & Manufacturing	SRCH_KO0,6	https://www.glassdoor.com/Salaries/packer-salary-SRCH_KO0,6.htm	28609	23000	37000	1166	282	5169	$28,609	$23KLow	$37KHigh	$1,166	$282 - $5,169
pipe-welder	Skilled Labor & Manufacturing	SRCH_KO0,11	https://www.glassdoor.com/Salaries/pipe-welder-salary-SRCH_KO0,11.htm	38340	27000	56000	1211	286	5684	$38,340	$27KLow	$56KHigh	$1,211	$286 - $5,684
plumber	Skilled Labor & Manufacturing	SRCH_KO0,7	https://www.glassdoor.com/Salaries/plumber-salary-SRCH_KO0,7.htm	46237	35000	65000	17680	116	53413106265604	$46,237	$35KLow	$65KHigh	$17,680	$116 - $53,413,106,265,604
mig-welder	Skilled Labor & Manufacturing	SRCH_KO0,10	https://www.glassdoor.com/Salaries/mig-welder-salary-SRCH_KO0,10.htm	38340	27000	56000	1211	286	5684	$38,340	$27KLow	$56KHigh	$1,211	$286 - $5,684
journeyman-electrician	Skilled Labor & Manufacturing	SRCH_KO0,22	https://www.glassdoor.com/Salaries/journeyman-electrician-salary-SRCH_KO0,22.htm	53794	36000	77000	2051	551	14798	$53,794	$36KLow	$77KHigh	$2,051	$551 - $14,798
network-technician	Skilled Labor & Manufacturing	SRCH_KO0,18	https://www.glassdoor.com/Salaries/network-technician-salary-SRCH_KO0,18.htm	55131	36000	68000	2157	578	9481	$55,131	$36KLow	$68KHigh	$2,157	$578 - $9,481
part-time-package-handler	Skilled Labor & Manufacturing	SRCH_KO0,25	https://www.glassdoor.com/Salaries/part-time-package-handler-salary-SRCH_KO0,25.htm	27442	23000	34000	684	244	6649	$27,442	$23KLow	$34KHigh	$684	$244 - $6,649
pipefitter	Skilled Labor & Manufacturing	SRCH_KO0,10	https://www.glassdoor.com/Salaries/pipefitter-salary-SRCH_KO0,10.htm	68265	34000	88000	807	2	1613	$68,265	$34KLow	$88KHigh	$807	$2 - $1,613
delivery-driver	Transportation	SRCH_KO0,15	https://www.glassdoor.com/Salaries/delivery-driver-salary-SRCH_KO0,15.htm	27949	20000	51000	7761	932	23118	$27,949	$20KLow	$51KHigh	$7,761	$932 - $23,118
driver	Transportation	SRCH_KO0,6	https://www.glassdoor.com/Salaries/driver-salary-SRCH_KO0,6.htm	45035	24000	66000	1815	502	12158	$45,035	$24KLow	$66KHigh	$1,815	$502 - $12,158
truck-driver	Transportation	SRCH_KO0,12	https://www.glassdoor.com/Salaries/truck-driver-salary-SRCH_KO0,12.htm	58094	37000	78000	4000	12	22932	$58,094	$37KLow	$78KHigh	$4,000	$12 - $22,932
bus-driver	Transportation	SRCH_KO0,10	https://www.glassdoor.com/Salaries/bus-driver-salary-SRCH_KO0,10.htm	30209	22000	43000	1066	200	7870	$30,209	$22KLow	$43KHigh	$1,066	$200 - $7,870
class-b-cdl-truck-driver	Transportation	SRCH_KO0,24	https://www.glassdoor.com/Salaries/class-b-cdl-truck-driver-salary-SRCH_KO0,24.htm	23	16	27	2178	2004	2352	$23	$16Low	$27High	$2,178	$2,004 - $2,352
ups	Transportation	SRCH_KO0,3	https://www.glassdoor.com/Salaries/ups-salary-SRCH_KO0,3.htm							NaN	NaN	NaN	NaN	NaN - NaN
local-truck-driver	Transportation	SRCH_KO0,18	https://www.glassdoor.com/Salaries/local-truck-driver-salary-SRCH_KO0,18.htm	53818	39000	71000	779	3	5416	$53,818	$39KLow	$71KHigh	$779	$3 - $5,416
non-cdl-delivery-driver	Transportation	SRCH_KO0,23	https://www.glassdoor.com/Salaries/non-cdl-delivery-driver-salary-SRCH_KO0,23.htm	27949	20000	51000	7761	932	23118	$27,949	$20KLow	$51KHigh	$7,761	$932 - $23,118
cdl-driver	Transportation	SRCH_KO0,10	https://www.glassdoor.com/Salaries/cdl-driver-salary-SRCH_KO0,10.htm	54465	38000	76000	1086	226	21288	$54,465	$38KLow	$76KHigh	$1,086	$226 - $21,288
class-b-driver	Transportation	SRCH_KO0,14	https://www.glassdoor.com/Salaries/class-b-driver-salary-SRCH_KO0,14.htm	30209	22000	43000	1066	200	7870	$30,209	$22KLow	$43KHigh	$1,066	$200 - $7,870
ups-driver	Transportation	SRCH_KO0,10	https://www.glassdoor.com/Salaries/ups-driver-salary-SRCH_KO0,10.htm	82146	43000	111000	778	242	210763	$82,146	$43KLow	$111KHigh	$778	$242 - $210,763
route-driver	Transportation	SRCH_KO0,12	https://www.glassdoor.com/Salaries/route-driver-salary-SRCH_KO0,12.htm	46827	31000	73000	5109	302	31267	$46,827	$31KLow	$73KHigh	$5,109	$302 - $31,267
dump-truck-driver	Transportation	SRCH_KO0,17	https://www.glassdoor.com/Salaries/dump-truck-driver-salary-SRCH_KO0,17.htm	49995	16000	80000				$49,995	$16KLow	$80KHigh	NaN	NaN - NaN
first-officer	Transportation	SRCH_KO0,13	https://www.glassdoor.com/Salaries/first-officer-salary-SRCH_KO0,13.htm	45356	28000	81000	5772	790	16309	$45,356	$28KLow	$81KHigh	$5,772	$790 - $16,309
school-bus-driver	Transportation	SRCH_KO0,17	https://www.glassdoor.com/Salaries/school-bus-driver-salary-SRCH_KO0,17.htm	37927	25000	55000	677	241	6730	$37,927	$25KLow	$55KHigh	$677	$241 - $6,730
tanker-truck-driver	Transportation	SRCH_KO0,19	https://www.glassdoor.com/Salaries/tanker-truck-driver-salary-SRCH_KO0,19.htm	72648	59000	81000	2055	2055	2055	$72,648	$59KLow	$81KHigh	$2,055	$2,055 - $2,055
shuttle-driver	Transportation	SRCH_KO0,14	https://www.glassdoor.com/Salaries/shuttle-driver-salary-SRCH_KO0,14.htm	34723	15000	52000	8897	273	10613	$34,723	$15KLow	$52KHigh	$8,897	$273 - $10,613
pilot	Transportation	SRCH_KO0,5	https://www.glassdoor.com/Salaries/pilot-salary-SRCH_KO0,5.htm	81915	41000	149000	5217	483	26553	$81,915	$41KLow	$149KHigh	$5,217	$483 - $26,553
drivers	Transportation	SRCH_KO0,7	https://www.glassdoor.com/Salaries/drivers-salary-SRCH_KO0,7.htm	45035	24000	66000	1815	502	12158	$45,035	$24KLow	$66KHigh	$1,815	$502 - $12,158
